Workbook

Sheet Members
A1: Member | B1: Join date | C1: Renewal date | D1: Status | E1: Last active in Skool (days ago) | F1: Last contact (auto) | G1: Days since contact | H1: Current goal | I1: Next action | J1: Notes | K1: Last active date (auto, used by nightly sync) | L1: member_id | M1: channel | N1: profile_link | O1: plan_value | P1: opted_out | Q1: skip | R1: email | S1: posts | T1: intro_posted
A2: Owen Fontaine | B2: 45940 | C2: =IF(B2="","",EDATE(B2,12*(DATEDIF(B2,TODAY(),"y")+1))) | D2: =IF(AND(K2="",F2=""),"",IF(OR(AND(K2<>"",TODAY()-K2>=14),AND(F2<>"",TODAY()-F2>=21)),"Red",IF(OR(AND(K2<>"",TODAY()-K2>=7),AND(C2<>"",C2-TODAY()<=30)),"Yellow","Green"))) | E2: =IF(K2="","",TODAY()-K2) | F2: =IFERROR(1/(1/MAXIFS(Touchpoints!$A:$A,Touchpoints!$B:$B,A2)),"") | G2: =IF(F2="","",TODAY()-F2) | H2: move from freelance to a full-time role | K2: 46253 | L2: M-0001 | M2: none | R2: owen.fontaine@example.com | S2: 29 | T2: yes
A3: Tomas Grimshaw | B3: 45580 | C3: =IF(B3="","",EDATE(B3,12*(DATEDIF(B3,TODAY(),"y")+1))) | D3: =IF(AND(K3="",F3=""),"",IF(OR(AND(K3<>"",TODAY()-K3>=14),AND(F3<>"",TODAY()-F3>=21)),"Red",IF(OR(AND(K3<>"",TODAY()-K3>=7),AND(C3<>"",C3-TODAY()<=30)),"Yellow","Green"))) | E3: =IF(K3="","",TODAY()-K3) | F3: =IFERROR(1/(1/MAXIFS(Touchpoints!$A:$A,Touchpoints!$B:$B,A3)),"") | G3: =IF(F3="","",TODAY()-F3) | K3: 46024 | L3: M-0002 | M3: none | R3: tomas.grimshaw@example.com | S3: 36 | T3: yes
A4: Terrence Vanderbilt | B4: 45948 | C4: =IF(B4="","",EDATE(B4,12*(DATEDIF(B4,TODAY(),"y")+1))) | D4: =IF(AND(K4="",F4=""),"",IF(OR(AND(K4<>"",TODAY()-K4>=14),AND(F4<>"",TODAY()-F4>=21)),"Red",IF(OR(AND(K4<>"",TODAY()-K4>=7),AND(C4<>"",C4-TODAY()<=30)),"Yellow","Green"))) | E4: =IF(K4="","",TODAY()-K4) | F4: =IFERROR(1/(1/MAXIFS(Touchpoints!$A:$A,Touchpoints!$B:$B,A4)),"") | G4: =IF(F4="","",TODAY()-F4) | K4: 46301 | L4: M-0003 | M4: none | R4: terrence.vanderbilt@example.com | S4: 30 | T4: yes
A5: Niklas Voss | B5: 45950 | C5: =IF(B5="","",EDATE(B5,12*(DATEDIF(B5,TODAY(),"y")+1))) | D5: =IF(AND(K5="",F5=""),"",IF(OR(AND(K5<>"",TODAY()-K5>=14),AND(F5<>"",TODAY()-F5>=21)),"Red",IF(OR(AND(K5<>"",TODAY()-K5>=7),AND(C5<>"",C5-TODAY()<=30)),"Yellow","Green"))) | E5: =IF(K5="","",TODAY()-K5) | F5: =IFERROR(1/(1/MAXIFS(Touchpoints!$A:$A,Touchpoints!$B:$B,A5)),"") | G5: =IF(F5="","",TODAY()-F5) | K5: 46304 | L5: M-0004 | M5: none | R5: niklas.voss@example.com | S5: 29 | T5: yes
A6: Quentin Wycliffe | B6: 45591 | C6: =IF(B6="","",EDATE(B6,12*(DATEDIF(B6,TODAY(),"y")+1))) | D6: =IF(AND(K6="",F6=""),"",IF(OR(AND(K6<>"",TODAY()-K6>=14),AND(F6<>"",TODAY()-F6>=21)),"Red",IF(OR(AND(K6<>"",TODAY()-K6>=7),AND(C6<>"",C6-TODAY()<=30)),"Yellow","Green"))) | E6: =IF(K6="","",TODAY()-K6) | F6: =IFERROR(1/(1/MAXIFS(Touchpoints!$A:$A,Touchpoints!$B:$B,A6)),"") | G6: =IF(F6="","",TODAY()-F6) | K6: 46281 | L6: M-0005 | M6: none | R6: quentin.wycliffe@example.com | S6: 33 | T6: yes
A7: Vernon Bramwell | B7: 45957 | C7: =IF(B7="","",EDATE(B7,12*(DATEDIF(B7,TODAY(),"y")+1))) | D7: =IF(AND(K7="",F7=""),"",IF(OR(AND(K7<>"",TODAY()-K7>=14),AND(F7<>"",TODAY()-F7>=21)),"Red",IF(OR(AND(K7<>"",TODAY()-K7>=7),AND(C7<>"",C7-TODAY()<=30)),"Yellow","Green"))) | E7: =IF(K7="","",TODAY()-K7) | F7: =IFERROR(1/(1/MAXIFS(Touchpoints!$A:$A,Touchpoints!$B:$B,A7)),"") | G7: =IF(F7="","",TODAY()-F7) | K7: 46306 | L7: M-0006 | M7: none | R7: vernon.bramwell@example.com | S7: 38 | T7: yes
A8: Basil Whitfield | B8: 45959 | C8: =IF(B8="","",EDATE(B8,12*(DATEDIF(B8,TODAY(),"y")+1))) | D8: =IF(AND(K8="",F8=""),"",IF(OR(AND(K8<>"",TODAY()-K8>=14),AND(F8<>"",TODAY()-F8>=21)),"Red",IF(OR(AND(K8<>"",TODAY()-K8>=7),AND(C8<>"",C8-TODAY()<=30)),"Yellow","Green"))) | E8: =IF(K8="","",TODAY()-K8) | F8: =IFERROR(1/(1/MAXIFS(Touchpoints!$A:$A,Touchpoints!$B:$B,A8)),"") | G8: =IF(F8="","",TODAY()-F8) | K8: 46064 | L8: M-0007 | M8: none | R8: basil.whitfield@example.com | S8: 13 | T8: yes
A9: Xavier Yates | B9: 45603 | C9: =IF(B9="","",EDATE(B9,12*(DATEDIF(B9,TODAY(),"y")+1))) | D9: =IF(AND(K9="",F9=""),"",IF(OR(AND(K9<>"",TODAY()-K9>=14),AND(F9<>"",TODAY()-F9>=21)),"Red",IF(OR(AND(K9<>"",TODAY()-K9>=7),AND(C9<>"",C9-TODAY()<=30)),"Yellow","Green"))) | E9: =IF(K9="","",TODAY()-K9) | F9: =IFERROR(1/(1/MAXIFS(Touchpoints!$A:$A,Touchpoints!$B:$B,A9)),"") | G9: =IF(F9="","",TODAY()-F9) | K9: 46311 | L9: M-0008 | M9: none | R9: xavier.yates@example.com | S9: 12 | T9: yes
A10: Franklin Hawthorne | B10: 45986 | C10: =IF(B10="","",EDATE(B10,12*(DATEDIF(B10,TODAY(),"y")+1))) | D10: =IF(AND(K10="",F10=""),"",IF(OR(AND(K10<>"",TODAY()-K10>=14),AND(F10<>"",TODAY()-F10>=21)),"Red",IF(OR(AND(K10<>"",TODAY()-K10>=7),AND(C10<>"",C10-TODAY()<=30)),"Yellow","Green"))) | E10: =IF(K10="","",TODAY()-K10) | F10: =IFERROR(1/(1/MAXIFS(Touchpoints!$A:$A,Touchpoints!$B:$B,A10)),"") | G10: =IF(F10="","",TODAY()-F10) | H10: record 10 podcast episodes | J10: Moderator | K10: 46159 | L10: M-0009 | M10: none | R10: franklin.hawthorne@example.com | S10: 33 | T10: yes
A11: Gavin Mumford | B11: 45989 | C11: =IF(B11="","",EDATE(B11,12*(DATEDIF(B11,TODAY(),"y")+1))) | D11: =IF(AND(K11="",F11=""),"",IF(OR(AND(K11<>"",TODAY()-K11>=14),AND(F11<>"",TODAY()-F11>=21)),"Red",IF(OR(AND(K11<>"",TODAY()-K11>=7),AND(C11<>"",C11-TODAY()<=30)),"Yellow","Green"))) | E11: =IF(K11="","",TODAY()-K11) | F11: =IFERROR(1/(1/MAXIFS(Touchpoints!$A:$A,Touchpoints!$B:$B,A11)),"") | G11: =IF(F11="","",TODAY()-F11) | K11: 46255 | L11: M-0010 | M11: none | R11: gavin.mumford@example.com | S11: 31 | T11: yes
A12: Luigi Northgate | B12: 45650 | C12: =IF(B12="","",EDATE(B12,12*(DATEDIF(B12,TODAY(),"y")+1))) | D12: =IF(AND(K12="",F12=""),"",IF(OR(AND(K12<>"",TODAY()-K12>=14),AND(F12<>"",TODAY()-F12>=21)),"Red",IF(OR(AND(K12<>"",TODAY()-K12>=7),AND(C12<>"",C12-TODAY()<=30)),"Yellow","Green"))) | E12: =IF(K12="","",TODAY()-K12) | F12: =IFERROR(1/(1/MAXIFS(Touchpoints!$A:$A,Touchpoints!$B:$B,A12)),"") | G12: =IF(F12="","",TODAY()-F12) | K12: 46311 | L12: M-0011 | M12: none | R12: luigi.northgate@example.com | S12: 40 | T12: yes
A13: Peter Sanderson | B13: 46016 | C13: =IF(B13="","",EDATE(B13,12*(DATEDIF(B13,TODAY(),"y")+1))) | D13: =IF(AND(K13="",F13=""),"",IF(OR(AND(K13<>"",TODAY()-K13>=14),AND(F13<>"",TODAY()-F13>=21)),"Red",IF(OR(AND(K13<>"",TODAY()-K13>=7),AND(C13<>"",C13-TODAY()<=30)),"Yellow","Green"))) | E13: =IF(K13="","",TODAY()-K13) | F13: =IFERROR(1/(1/MAXIFS(Touchpoints!$A:$A,Touchpoints!$B:$B,A13)),"") | G13: =IF(F13="","",TODAY()-F13) | K13: 46139 | L13: M-0012 | M13: none | R13: peter.sanderson@example.com | S13: 12 | T13: yes
A14: Julius Yates | B14: 46018 | C14: =IF(B14="","",EDATE(B14,12*(DATEDIF(B14,TODAY(),"y")+1))) | D14: =IF(AND(K14="",F14=""),"",IF(OR(AND(K14<>"",TODAY()-K14>=14),AND(F14<>"",TODAY()-F14>=21)),"Red",IF(OR(AND(K14<>"",TODAY()-K14>=7),AND(C14<>"",C14-TODAY()<=30)),"Yellow","Green"))) | E14: =IF(K14="","",TODAY()-K14) | F14: =IFERROR(1/(1/MAXIFS(Touchpoints!$A:$A,Touchpoints!$B:$B,A14)),"") | G14: =IF(F14="","",TODAY()-F14) | K14: 46311 | L14: M-0013 | M14: none | R14: julius.yates@example.com | S14: 7 | T14: yes
A15: Hamish Lindqvist | B15: 46033 | C15: =IF(B15="","",EDATE(B15,12*(DATEDIF(B15,TODAY(),"y")+1))) | D15: =IF(AND(K15="",F15=""),"",IF(OR(AND(K15<>"",TODAY()-K15>=14),AND(F15<>"",TODAY()-F15>=21)),"Red",IF(OR(AND(K15<>"",TODAY()-K15>=7),AND(C15<>"",C15-TODAY()<=30)),"Yellow","Green"))) | E15: =IF(K15="","",TODAY()-K15) | F15: =IFERROR(1/(1/MAXIFS(Touchpoints!$A:$A,Touchpoints!$B:$B,A15)),"") | G15: =IF(F15="","",TODAY()-F15) | K15: 46240 | L15: M-0014 | M15: none | R15: hamish.lindqvist@example.com | S15: 29 | T15: yes
A16: Silas Quigley | B16: 46037 | C16: =IF(B16="","",EDATE(B16,12*(DATEDIF(B16,TODAY(),"y")+1))) | D16: =IF(AND(K16="",F16=""),"",IF(OR(AND(K16<>"",TODAY()-K16>=14),AND(F16<>"",TODAY()-F16>=21)),"Red",IF(OR(AND(K16<>"",TODAY()-K16>=7),AND(C16<>"",C16-TODAY()<=30)),"Yellow","Green"))) | E16: =IF(K16="","",TODAY()-K16) | F16: =IFERROR(1/(1/MAXIFS(Touchpoints!$A:$A,Touchpoints!$B:$B,A16)),"") | G16: =IF(F16="","",TODAY()-F16) | K16: 46311 | L16: M-0015 | M16: none | R16: silas.quigley@example.com | S16: 20 | T16: yes
A17: Padraig Fairbanks | B17: 46037 | C17: =IF(B17="","",EDATE(B17,12*(DATEDIF(B17,TODAY(),"y")+1))) | D17: =IF(AND(K17="",F17=""),"",IF(OR(AND(K17<>"",TODAY()-K17>=14),AND(F17<>"",TODAY()-F17>=21)),"Red",IF(OR(AND(K17<>"",TODAY()-K17>=7),AND(C17<>"",C17-TODAY()<=30)),"Yellow","Green"))) | E17: =IF(K17="","",TODAY()-K17) | F17: =IFERROR(1/(1/MAXIFS(Touchpoints!$A:$A,Touchpoints!$B:$B,A17)),"") | G17: =IF(F17="","",TODAY()-F17) | K17: 46311 | L17: M-0016 | M17: none | R17: padraig.fairbanks@example.com | S17: 10 | T17: yes
A18: Franklin Yarrow | B18: 46038 | C18: =IF(B18="","",EDATE(B18,12*(DATEDIF(B18,TODAY(),"y")+1))) | D18: =IF(AND(K18="",F18=""),"",IF(OR(AND(K18<>"",TODAY()-K18>=14),AND(F18<>"",TODAY()-F18>=21)),"Red",IF(OR(AND(K18<>"",TODAY()-K18>=7),AND(C18<>"",C18-TODAY()<=30)),"Yellow","Green"))) | E18: =IF(K18="","",TODAY()-K18) | F18: =IFERROR(1/(1/MAXIFS(Touchpoints!$A:$A,Touchpoints!$B:$B,A18)),"") | G18: =IF(F18="","",TODAY()-F18) | H18: finish the first draft of my book | K18: 46238 | L18: M-0017 | M18: none | R18: franklin.yarrow@example.com | S18: 6 | T18: yes
A19: Stanley Pomeroy | B19: 46038 | C19: =IF(B19="","",EDATE(B19,12*(DATEDIF(B19,TODAY(),"y")+1))) | D19: =IF(AND(K19="",F19=""),"",IF(OR(AND(K19<>"",TODAY()-K19>=14),AND(F19<>"",TODAY()-F19>=21)),"Red",IF(OR(AND(K19<>"",TODAY()-K19>=7),AND(C19<>"",C19-TODAY()<=30)),"Yellow","Green"))) | E19: =IF(K19="","",TODAY()-K19) | F19: =IFERROR(1/(1/MAXIFS(Touchpoints!$A:$A,Touchpoints!$B:$B,A19)),"") | G19: =IF(F19="","",TODAY()-F19) | K19: 46290 | L19: M-0018 | M19: none | R19: stanley.pomeroy@example.com | S19: 35 | T19: yes
A20: Caleb Ashford | B20: 46038 | C20: =IF(B20="","",EDATE(B20,12*(DATEDIF(B20,TODAY(),"y")+1))) | D20: =IF(AND(K20="",F20=""),"",IF(OR(AND(K20<>"",TODAY()-K20>=14),AND(F20<>"",TODAY()-F20>=21)),"Red",IF(OR(AND(K20<>"",TODAY()-K20>=7),AND(C20<>"",C20-TODAY()<=30)),"Yellow","Green"))) | E20: =IF(K20="","",TODAY()-K20) | F20: =IFERROR(1/(1/MAXIFS(Touchpoints!$A:$A,Touchpoints!$B:$B,A20)),"") | G20: =IF(F20="","",TODAY()-F20) | K20: 46271 | L20: M-0019 | M20: none | R20: caleb.ashford@example.com | S20: 3 | T20: yes
A21: Derek Larimore | B21: 46039 | C21: =IF(B21="","",EDATE(B21,12*(DATEDIF(B21,TODAY(),"y")+1))) | D21: =IF(AND(K21="",F21=""),"",IF(OR(AND(K21<>"",TODAY()-K21>=14),AND(F21<>"",TODAY()-F21>=21)),"Red",IF(OR(AND(K21<>"",TODAY()-K21>=7),AND(C21<>"",C21-TODAY()<=30)),"Yellow","Green"))) | E21: =IF(K21="","",TODAY()-K21) | F21: =IFERROR(1/(1/MAXIFS(Touchpoints!$A:$A,Touchpoints!$B:$B,A21)),"") | G21: =IF(F21="","",TODAY()-F21) | K21: 46263 | L21: M-0020 | M21: none | R21: derek.larimore@example.com | S21: 39 | T21: yes
A22: Enzo Ingram | B22: 46039 | C22: =IF(B22="","",EDATE(B22,12*(DATEDIF(B22,TODAY(),"y")+1))) | D22: =IF(AND(K22="",F22=""),"",IF(OR(AND(K22<>"",TODAY()-K22>=14),AND(F22<>"",TODAY()-F22>=21)),"Red",IF(OR(AND(K22<>"",TODAY()-K22>=7),AND(C22<>"",C22-TODAY()<=30)),"Yellow","Green"))) | E22: =IF(K22="","",TODAY()-K22) | F22: =IFERROR(1/(1/MAXIFS(Touchpoints!$A:$A,Touchpoints!$B:$B,A22)),"") | G22: =IF(F22="","",TODAY()-F22) | K22: 46085 | L22: M-0021 | M22: none | R22: enzo.ingram@example.com | S22: 26 | T22: yes
A23: Andrei Upton | B23: 46040 | C23: =IF(B23="","",EDATE(B23,12*(DATEDIF(B23,TODAY(),"y")+1))) | D23: =IF(AND(K23="",F23=""),"",IF(OR(AND(K23<>"",TODAY()-K23>=14),AND(F23<>"",TODAY()-F23>=21)),"Red",IF(OR(AND(K23<>"",TODAY()-K23>=7),AND(C23<>"",C23-TODAY()<=30)),"Yellow","Green"))) | E23: =IF(K23="","",TODAY()-K23) | F23: =IFERROR(1/(1/MAXIFS(Touchpoints!$A:$A,Touchpoints!$B:$B,A23)),"") | G23: =IF(F23="","",TODAY()-F23) | K23: 46278 | L23: M-0022 | M23: none | R23: andrei.upton@example.com | S23: 29 | T23: yes
A24: Anders Zeigler | B24: 46042 | C24: =IF(B24="","",EDATE(B24,12*(DATEDIF(B24,TODAY(),"y")+1))) | D24: =IF(AND(K24="",F24=""),"",IF(OR(AND(K24<>"",TODAY()-K24>=14),AND(F24<>"",TODAY()-F24>=21)),"Red",IF(OR(AND(K24<>"",TODAY()-K24>=7),AND(C24<>"",C24-TODAY()<=30)),"Yellow","Green"))) | E24: =IF(K24="","",TODAY()-K24) | F24: =IFERROR(1/(1/MAXIFS(Touchpoints!$A:$A,Touchpoints!$B:$B,A24)),"") | G24: =IF(F24="","",TODAY()-F24) | K24: 46206 | L24: M-0023 | M24: none | R24: anders.zeigler@example.com | S24: 40 | T24: yes
A25: Duncan Jamison | B25: 46044 | C25: =IF(B25="","",EDATE(B25,12*(DATEDIF(B25,TODAY(),"y")+1))) | D25: =IF(AND(K25="",F25=""),"",IF(OR(AND(K25<>"",TODAY()-K25>=14),AND(F25<>"",TODAY()-F25>=21)),"Red",IF(OR(AND(K25<>"",TODAY()-K25>=7),AND(C25<>"",C25-TODAY()<=30)),"Yellow","Green"))) | E25: =IF(K25="","",TODAY()-K25) | F25: =IFERROR(1/(1/MAXIFS(Touchpoints!$A:$A,Touchpoints!$B:$B,A25)),"") | G25: =IF(F25="","",TODAY()-F25) | H25: launch my coaching offer by December | K25: 46244 | L25: M-0024 | M25: none | R25: duncan.jamison@example.com | S25: 11 | T25: yes
A26: Karl Rowntree | B26: 46045 | C26: =IF(B26="","",EDATE(B26,12*(DATEDIF(B26,TODAY(),"y")+1))) | D26: =IF(AND(K26="",F26=""),"",IF(OR(AND(K26<>"",TODAY()-K26>=14),AND(F26<>"",TODAY()-F26>=21)),"Red",IF(OR(AND(K26<>"",TODAY()-K26>=7),AND(C26<>"",C26-TODAY()<=30)),"Yellow","Green"))) | E26: =IF(K26="","",TODAY()-K26) | F26: =IFERROR(1/(1/MAXIFS(Touchpoints!$A:$A,Touchpoints!$B:$B,A26)),"") | G26: =IF(F26="","",TODAY()-F26) | K26: 46307 | L26: M-0025 | M26: none | R26: karl.rowntree@example.com | S26: 40 | T26: yes
A27: Micah Yardley | B27: 46046 | C27: =IF(B27="","",EDATE(B27,12*(DATEDIF(B27,TODAY(),"y")+1))) | D27: =IF(AND(K27="",F27=""),"",IF(OR(AND(K27<>"",TODAY()-K27>=14),AND(F27<>"",TODAY()-F27>=21)),"Red",IF(OR(AND(K27<>"",TODAY()-K27>=7),AND(C27<>"",C27-TODAY()<=30)),"Yellow","Green"))) | E27: =IF(K27="","",TODAY()-K27) | F27: =IFERROR(1/(1/MAXIFS(Touchpoints!$A:$A,Touchpoints!$B:$B,A27)),"") | G27: =IF(F27="","",TODAY()-F27) | K27: 46311 | L27: M-0026 | M27: none | R27: micah.yardley@example.com | S27: 1 | T27: yes
A28: Rafael Huxley | B28: 46048 | C28: =IF(B28="","",EDATE(B28,12*(DATEDIF(B28,TODAY(),"y")+1))) | D28: =IF(AND(K28="",F28=""),"",IF(OR(AND(K28<>"",TODAY()-K28>=14),AND(F28<>"",TODAY()-F28>=21)),"Red",IF(OR(AND(K28<>"",TODAY()-K28>=7),AND(C28<>"",C28-TODAY()<=30)),"Yellow","Green"))) | E28: =IF(K28="","",TODAY()-K28) | F28: =IFERROR(1/(1/MAXIFS(Touchpoints!$A:$A,Touchpoints!$B:$B,A28)),"") | G28: =IF(F28="","",TODAY()-F28) | K28: 46309 | L28: M-0027 | M28: none | R28: rafael.huxley@example.com | S28: 34 | T28: yes
A29: Xavier Jernigan | B29: 46050 | C29: =IF(B29="","",EDATE(B29,12*(DATEDIF(B29,TODAY(),"y")+1))) | D29: =IF(AND(K29="",F29=""),"",IF(OR(AND(K29<>"",TODAY()-K29>=14),AND(F29<>"",TODAY()-F29>=21)),"Red",IF(OR(AND(K29<>"",TODAY()-K29>=7),AND(C29<>"",C29-TODAY()<=30)),"Yellow","Green"))) | E29: =IF(K29="","",TODAY()-K29) | F29: =IFERROR(1/(1/MAXIFS(Touchpoints!$A:$A,Touchpoints!$B:$B,A29)),"") | G29: =IF(F29="","",TODAY()-F29) | K29: 46302 | L29: M-0028 | M29: none | R29: xavier.jernigan@example.com | S29: 5 | T29: yes
A30: Luigi Winslow | B30: 46057 | C30: =IF(B30="","",EDATE(B30,12*(DATEDIF(B30,TODAY(),"y")+1))) | D30: =IF(AND(K30="",F30=""),"",IF(OR(AND(K30<>"",TODAY()-K30>=14),AND(F30<>"",TODAY()-F30>=21)),"Red",IF(OR(AND(K30<>"",TODAY()-K30>=7),AND(C30<>"",C30-TODAY()<=30)),"Yellow","Green"))) | E30: =IF(K30="","",TODAY()-K30) | F30: =IFERROR(1/(1/MAXIFS(Touchpoints!$A:$A,Touchpoints!$B:$B,A30)),"") | G30: =IF(F30="","",TODAY()-F30) | K30: 46295 | L30: M-0029 | M30: none | R30: luigi.winslow@example.com | S30: 4 | T30: yes
A31: Rowan Ridgeway | B31: 46058 | C31: =IF(B31="","",EDATE(B31,12*(DATEDIF(B31,TODAY(),"y")+1))) | D31: =IF(AND(K31="",F31=""),"",IF(OR(AND(K31<>"",TODAY()-K31>=14),AND(F31<>"",TODAY()-F31>=21)),"Red",IF(OR(AND(K31<>"",TODAY()-K31>=7),AND(C31<>"",C31-TODAY()<=30)),"Yellow","Green"))) | E31: =IF(K31="","",TODAY()-K31) | F31: =IFERROR(1/(1/MAXIFS(Touchpoints!$A:$A,Touchpoints!$B:$B,A31)),"") | G31: =IF(F31="","",TODAY()-F31) | K31: 46266 | L31: M-0030 | M31: none | R31: rowan.ridgeway@example.com | S31: 3 | T31: yes
A32: Silas Ingram | B32: 46059 | C32: =IF(B32="","",EDATE(B32,12*(DATEDIF(B32,TODAY(),"y")+1))) | D32: =IF(AND(K32="",F32=""),"",IF(OR(AND(K32<>"",TODAY()-K32>=14),AND(F32<>"",TODAY()-F32>=21)),"Red",IF(OR(AND(K32<>"",TODAY()-K32>=7),AND(C32<>"",C32-TODAY()<=30)),"Yellow","Green"))) | E32: =IF(K32="","",TODAY()-K32) | F32: =IFERROR(1/(1/MAXIFS(Touchpoints!$A:$A,Touchpoints!$B:$B,A32)),"") | G32: =IF(F32="","",TODAY()-F32) | K32: 46311 | L32: M-0031 | M32: none | R32: silas.ingram@example.com | S32: 13 | T32: yes
A33: Lars Glendower | B33: 45697 | C33: =IF(B33="","",EDATE(B33,12*(DATEDIF(B33,TODAY(),"y")+1))) | D33: =IF(AND(K33="",F33=""),"",IF(OR(AND(K33<>"",TODAY()-K33>=14),AND(F33<>"",TODAY()-F33>=21)),"Red",IF(OR(AND(K33<>"",TODAY()-K33>=7),AND(C33<>"",C33-TODAY()<=30)),"Yellow","Green"))) | E33: =IF(K33="","",TODAY()-K33) | F33: =IFERROR(1/(1/MAXIFS(Touchpoints!$A:$A,Touchpoints!$B:$B,A33)),"") | G33: =IF(F33="","",TODAY()-F33) | K33: 46161 | L33: M-0032 | M33: none | R33: lars.glendower@example.com | S33: 16 | T33: yes
A34: Terrence Lachlan | B34: 46064 | C34: =IF(B34="","",EDATE(B34,12*(DATEDIF(B34,TODAY(),"y")+1))) | D34: =IF(AND(K34="",F34=""),"",IF(OR(AND(K34<>"",TODAY()-K34>=14),AND(F34<>"",TODAY()-F34>=21)),"Red",IF(OR(AND(K34<>"",TODAY()-K34>=7),AND(C34<>"",C34-TODAY()<=30)),"Yellow","Green"))) | E34: =IF(K34="","",TODAY()-K34) | F34: =IFERROR(1/(1/MAXIFS(Touchpoints!$A:$A,Touchpoints!$B:$B,A34)),"") | G34: =IF(F34="","",TODAY()-F34) | J34: Moderator | K34: 46307 | L34: M-0033 | M34: none | R34: terrence.lachlan@example.com | S34: 39 | T34: yes
A35: Ivan Montgomery | B35: 46065 | C35: =IF(B35="","",EDATE(B35,12*(DATEDIF(B35,TODAY(),"y")+1))) | D35: =IF(AND(K35="",F35=""),"",IF(OR(AND(K35<>"",TODAY()-K35>=14),AND(F35<>"",TODAY()-F35>=21)),"Red",IF(OR(AND(K35<>"",TODAY()-K35>=7),AND(C35<>"",C35-TODAY()<=30)),"Yellow","Green"))) | E35: =IF(K35="","",TODAY()-K35) | F35: =IFERROR(1/(1/MAXIFS(Touchpoints!$A:$A,Touchpoints!$B:$B,A35)),"") | G35: =IF(F35="","",TODAY()-F35) | K35: 46308 | L35: M-0034 | M35: none | R35: ivan.montgomery@example.com | S35: 2 | T35: yes
A36: Xavier Ashford | B36: 46069 | C36: =IF(B36="","",EDATE(B36,12*(DATEDIF(B36,TODAY(),"y")+1))) | D36: =IF(AND(K36="",F36=""),"",IF(OR(AND(K36<>"",TODAY()-K36>=14),AND(F36<>"",TODAY()-F36>=21)),"Red",IF(OR(AND(K36<>"",TODAY()-K36>=7),AND(C36<>"",C36-TODAY()<=30)),"Yellow","Green"))) | E36: =IF(K36="","",TODAY()-K36) | F36: =IFERROR(1/(1/MAXIFS(Touchpoints!$A:$A,Touchpoints!$B:$B,A36)),"") | G36: =IF(F36="","",TODAY()-F36) | K36: 46127 | L36: M-0035 | M36: none | R36: xavier.ashford@example.com | S36: 30 | T36: yes
A37: Mateo Calloway | B37: 46070 | C37: =IF(B37="","",EDATE(B37,12*(DATEDIF(B37,TODAY(),"y")+1))) | D37: =IF(AND(K37="",F37=""),"",IF(OR(AND(K37<>"",TODAY()-K37>=14),AND(F37<>"",TODAY()-F37>=21)),"Red",IF(OR(AND(K37<>"",TODAY()-K37>=7),AND(C37<>"",C37-TODAY()<=30)),"Yellow","Green"))) | E37: =IF(K37="","",TODAY()-K37) | F37: =IFERROR(1/(1/MAXIFS(Touchpoints!$A:$A,Touchpoints!$B:$B,A37)),"") | G37: =IF(F37="","",TODAY()-F37) | K37: 46284 | L37: M-0036 | M37: none | R37: mateo.calloway@example.com | S37: 21 | T37: yes
A38: Peter Jamison | B38: 46070 | C38: =IF(B38="","",EDATE(B38,12*(DATEDIF(B38,TODAY(),"y")+1))) | D38: =IF(AND(K38="",F38=""),"",IF(OR(AND(K38<>"",TODAY()-K38>=14),AND(F38<>"",TODAY()-F38>=21)),"Red",IF(OR(AND(K38<>"",TODAY()-K38>=7),AND(C38<>"",C38-TODAY()<=30)),"Yellow","Green"))) | E38: =IF(K38="","",TODAY()-K38) | F38: =IFERROR(1/(1/MAXIFS(Touchpoints!$A:$A,Touchpoints!$B:$B,A38)),"") | G38: =IF(F38="","",TODAY()-F38) | K38: 46296 | L38: M-0037 | M38: none | R38: peter.jamison@example.com | S38: 29 | T38: yes
A39: Levi Pruitt | B39: 46075 | C39: =IF(B39="","",EDATE(B39,12*(DATEDIF(B39,TODAY(),"y")+1))) | D39: =IF(AND(K39="",F39=""),"",IF(OR(AND(K39<>"",TODAY()-K39>=14),AND(F39<>"",TODAY()-F39>=21)),"Red",IF(OR(AND(K39<>"",TODAY()-K39>=7),AND(C39<>"",C39-TODAY()<=30)),"Yellow","Green"))) | E39: =IF(K39="","",TODAY()-K39) | F39: =IFERROR(1/(1/MAXIFS(Touchpoints!$A:$A,Touchpoints!$B:$B,A39)),"") | G39: =IF(F39="","",TODAY()-F39) | K39: 46279 | L39: M-0038 | M39: none | R39: levi.pruitt@example.com | S39: 38 | T39: yes
A40: Padraig Fairview | B40: 46075 | C40: =IF(B40="","",EDATE(B40,12*(DATEDIF(B40,TODAY(),"y")+1))) | D40: =IF(AND(K40="",F40=""),"",IF(OR(AND(K40<>"",TODAY()-K40>=14),AND(F40<>"",TODAY()-F40>=21)),"Red",IF(OR(AND(K40<>"",TODAY()-K40>=7),AND(C40<>"",C40-TODAY()<=30)),"Yellow","Green"))) | E40: =IF(K40="","",TODAY()-K40) | F40: =IFERROR(1/(1/MAXIFS(Touchpoints!$A:$A,Touchpoints!$B:$B,A40)),"") | G40: =IF(F40="","",TODAY()-F40) | H40: land 3 new consulting clients | K40: 46147 | L40: M-0039 | M40: none | R40: padraig.fairview@example.com | S40: 13 | T40: yes
A41: Angus Quigley | B41: 46078 | C41: =IF(B41="","",EDATE(B41,12*(DATEDIF(B41,TODAY(),"y")+1))) | D41: =IF(AND(K41="",F41=""),"",IF(OR(AND(K41<>"",TODAY()-K41>=14),AND(F41<>"",TODAY()-F41>=21)),"Red",IF(OR(AND(K41<>"",TODAY()-K41>=7),AND(C41<>"",C41-TODAY()<=30)),"Yellow","Green"))) | E41: =IF(K41="","",TODAY()-K41) | F41: =IFERROR(1/(1/MAXIFS(Touchpoints!$A:$A,Touchpoints!$B:$B,A41)),"") | G41: =IF(F41="","",TODAY()-F41) | K41: 46311 | L41: M-0040 | M41: none | R41: angus.quigley@example.com | S41: 34 | T41: yes
A42: Harold Tavish | B42: 46079 | C42: =IF(B42="","",EDATE(B42,12*(DATEDIF(B42,TODAY(),"y")+1))) | D42: =IF(AND(K42="",F42=""),"",IF(OR(AND(K42<>"",TODAY()-K42>=14),AND(F42<>"",TODAY()-F42>=21)),"Red",IF(OR(AND(K42<>"",TODAY()-K42>=7),AND(C42<>"",C42-TODAY()<=30)),"Yellow","Green"))) | E42: =IF(K42="","",TODAY()-K42) | F42: =IFERROR(1/(1/MAXIFS(Touchpoints!$A:$A,Touchpoints!$B:$B,A42)),"") | G42: =IF(F42="","",TODAY()-F42) | K42: 46189 | L42: M-0041 | M42: none | R42: harold.tavish@example.com | S42: 15 | T42: yes
A43: Edmund Grimshaw | B43: 46081 | C43: =IF(B43="","",EDATE(B43,12*(DATEDIF(B43,TODAY(),"y")+1))) | D43: =IF(AND(K43="",F43=""),"",IF(OR(AND(K43<>"",TODAY()-K43>=14),AND(F43<>"",TODAY()-F43>=21)),"Red",IF(OR(AND(K43<>"",TODAY()-K43>=7),AND(C43<>"",C43-TODAY()<=30)),"Yellow","Green"))) | E43: =IF(K43="","",TODAY()-K43) | F43: =IFERROR(1/(1/MAXIFS(Touchpoints!$A:$A,Touchpoints!$B:$B,A43)),"") | G43: =IF(F43="","",TODAY()-F43) | K43: 46081 | L43: M-0042 | M43: none | R43: edmund.grimshaw@example.com | S43: 19 | T43: yes
A44: Callum Dunhill | B44: 46081 | C44: =IF(B44="","",EDATE(B44,12*(DATEDIF(B44,TODAY(),"y")+1))) | D44: =IF(AND(K44="",F44=""),"",IF(OR(AND(K44<>"",TODAY()-K44>=14),AND(F44<>"",TODAY()-F44>=21)),"Red",IF(OR(AND(K44<>"",TODAY()-K44>=7),AND(C44<>"",C44-TODAY()<=30)),"Yellow","Green"))) | E44: =IF(K44="","",TODAY()-K44) | F44: =IFERROR(1/(1/MAXIFS(Touchpoints!$A:$A,Touchpoints!$B:$B,A44)),"") | G44: =IF(F44="","",TODAY()-F44) | K44: 46302 | L44: M-0043 | M44: none | R44: callum.dunhill@example.com | S44: 32 | T44: yes
A45: Levi Yardley | B45: 45717 | C45: =IF(B45="","",EDATE(B45,12*(DATEDIF(B45,TODAY(),"y")+1))) | D45: =IF(AND(K45="",F45=""),"",IF(OR(AND(K45<>"",TODAY()-K45>=14),AND(F45<>"",TODAY()-F45>=21)),"Red",IF(OR(AND(K45<>"",TODAY()-K45>=7),AND(C45<>"",C45-TODAY()<=30)),"Yellow","Green"))) | E45: =IF(K45="","",TODAY()-K45) | F45: =IFERROR(1/(1/MAXIFS(Touchpoints!$A:$A,Touchpoints!$B:$B,A45)),"") | G45: =IF(F45="","",TODAY()-F45) | K45: 46308 | L45: M-0044 | M45: none | R45: levi.yardley@example.com | S45: 1 | T45: yes
A46: Xavier Ingram | B46: 46083 | C46: =IF(B46="","",EDATE(B46,12*(DATEDIF(B46,TODAY(),"y")+1))) | D46: =IF(AND(K46="",F46=""),"",IF(OR(AND(K46<>"",TODAY()-K46>=14),AND(F46<>"",TODAY()-F46>=21)),"Red",IF(OR(AND(K46<>"",TODAY()-K46>=7),AND(C46<>"",C46-TODAY()<=30)),"Yellow","Green"))) | E46: =IF(K46="","",TODAY()-K46) | F46: =IFERROR(1/(1/MAXIFS(Touchpoints!$A:$A,Touchpoints!$B:$B,A46)),"") | G46: =IF(F46="","",TODAY()-F46) | K46: 46305 | L46: M-0045 | M46: none | R46: xavier.ingram@example.com | S46: 6 | T46: yes
A47: Nathaniel Quimby | B47: 46088 | C47: =IF(B47="","",EDATE(B47,12*(DATEDIF(B47,TODAY(),"y")+1))) | D47: =IF(AND(K47="",F47=""),"",IF(OR(AND(K47<>"",TODAY()-K47>=14),AND(F47<>"",TODAY()-F47>=21)),"Red",IF(OR(AND(K47<>"",TODAY()-K47>=7),AND(C47<>"",C47-TODAY()<=30)),"Yellow","Green"))) | E47: =IF(K47="","",TODAY()-K47) | F47: =IFERROR(1/(1/MAXIFS(Touchpoints!$A:$A,Touchpoints!$B:$B,A47)),"") | G47: =IF(F47="","",TODAY()-F47) | K47: 46311 | L47: M-0046 | M47: none | R47: nathaniel.quimby@example.com | S47: 30 | T47: yes
A48: Derek Sinclair | B48: 46089 | C48: =IF(B48="","",EDATE(B48,12*(DATEDIF(B48,TODAY(),"y")+1))) | D48: =IF(AND(K48="",F48=""),"",IF(OR(AND(K48<>"",TODAY()-K48>=14),AND(F48<>"",TODAY()-F48>=21)),"Red",IF(OR(AND(K48<>"",TODAY()-K48>=7),AND(C48<>"",C48-TODAY()<=30)),"Yellow","Green"))) | E48: =IF(K48="","",TODAY()-K48) | F48: =IFERROR(1/(1/MAXIFS(Touchpoints!$A:$A,Touchpoints!$B:$B,A48)),"") | G48: =IF(F48="","",TODAY()-F48) | K48: 46258 | L48: M-0047 | M48: none | R48: derek.sinclair@example.com | S48: 18 | T48: yes
A49: Andre Marlowe | B49: 46090 | C49: =IF(B49="","",EDATE(B49,12*(DATEDIF(B49,TODAY(),"y")+1))) | D49: =IF(AND(K49="",F49=""),"",IF(OR(AND(K49<>"",TODAY()-K49>=14),AND(F49<>"",TODAY()-F49>=21)),"Red",IF(OR(AND(K49<>"",TODAY()-K49>=7),AND(C49<>"",C49-TODAY()<=30)),"Yellow","Green"))) | E49: =IF(K49="","",TODAY()-K49) | F49: =IFERROR(1/(1/MAXIFS(Touchpoints!$A:$A,Touchpoints!$B:$B,A49)),"") | G49: =IF(F49="","",TODAY()-F49) | K49: 46284 | L49: M-0048 | M49: none | R49: andre.marlowe@example.com | S49: 27 | T49: yes
A50: Clifford Quimby | B50: 46092 | C50: =IF(B50="","",EDATE(B50,12*(DATEDIF(B50,TODAY(),"y")+1))) | D50: =IF(AND(K50="",F50=""),"",IF(OR(AND(K50<>"",TODAY()-K50>=14),AND(F50<>"",TODAY()-F50>=21)),"Red",IF(OR(AND(K50<>"",TODAY()-K50>=7),AND(C50<>"",C50-TODAY()<=30)),"Yellow","Green"))) | E50: =IF(K50="","",TODAY()-K50) | F50: =IFERROR(1/(1/MAXIFS(Touchpoints!$A:$A,Touchpoints!$B:$B,A50)),"") | G50: =IF(F50="","",TODAY()-F50) | K50: 46192 | L50: M-0049 | M50: none | R50: clifford.quimby@example.com | S50: 36 | T50: yes
A51: Clifford Eastwood | B51: 46094 | C51: =IF(B51="","",EDATE(B51,12*(DATEDIF(B51,TODAY(),"y")+1))) | D51: =IF(AND(K51="",F51=""),"",IF(OR(AND(K51<>"",TODAY()-K51>=14),AND(F51<>"",TODAY()-F51>=21)),"Red",IF(OR(AND(K51<>"",TODAY()-K51>=7),AND(C51<>"",C51-TODAY()<=30)),"Yellow","Green"))) | E51: =IF(K51="","",TODAY()-K51) | F51: =IFERROR(1/(1/MAXIFS(Touchpoints!$A:$A,Touchpoints!$B:$B,A51)),"") | G51: =IF(F51="","",TODAY()-F51) | K51: 46308 | L51: M-0050 | M51: none | R51: clifford.eastwood@example.com | S51: 6 | T51: yes
A52: Angus Orchard | B52: 45730 | C52: =IF(B52="","",EDATE(B52,12*(DATEDIF(B52,TODAY(),"y")+1))) | D52: =IF(AND(K52="",F52=""),"",IF(OR(AND(K52<>"",TODAY()-K52>=14),AND(F52<>"",TODAY()-F52>=21)),"Red",IF(OR(AND(K52<>"",TODAY()-K52>=7),AND(C52<>"",C52-TODAY()<=30)),"Yellow","Green"))) | E52: =IF(K52="","",TODAY()-K52) | F52: =IFERROR(1/(1/MAXIFS(Touchpoints!$A:$A,Touchpoints!$B:$B,A52)),"") | G52: =IF(F52="","",TODAY()-F52) | K52: 46274 | L52: M-0051 | M52: none | R52: angus.orchard@example.com | S52: 17 | T52: yes
A53: Stefan Fairview | B53: 46096 | C53: =IF(B53="","",EDATE(B53,12*(DATEDIF(B53,TODAY(),"y")+1))) | D53: =IF(AND(K53="",F53=""),"",IF(OR(AND(K53<>"",TODAY()-K53>=14),AND(F53<>"",TODAY()-F53>=21)),"Red",IF(OR(AND(K53<>"",TODAY()-K53>=7),AND(C53<>"",C53-TODAY()<=30)),"Yellow","Green"))) | E53: =IF(K53="","",TODAY()-K53) | F53: =IFERROR(1/(1/MAXIFS(Touchpoints!$A:$A,Touchpoints!$B:$B,A53)),"") | G53: =IF(F53="","",TODAY()-F53) | K53: 46309 | L53: M-0052 | M53: none | R53: stefan.fairview@example.com | S53: 21 | T53: yes
A54: Malcolm Corbin | B54: 46105 | C54: =IF(B54="","",EDATE(B54,12*(DATEDIF(B54,TODAY(),"y")+1))) | D54: =IF(AND(K54="",F54=""),"",IF(OR(AND(K54<>"",TODAY()-K54>=14),AND(F54<>"",TODAY()-F54>=21)),"Red",IF(OR(AND(K54<>"",TODAY()-K54>=7),AND(C54<>"",C54-TODAY()<=30)),"Yellow","Green"))) | E54: =IF(K54="","",TODAY()-K54) | F54: =IFERROR(1/(1/MAXIFS(Touchpoints!$A:$A,Touchpoints!$B:$B,A54)),"") | G54: =IF(F54="","",TODAY()-F54) | H54: hire a part-time assistant | K54: 46242 | L54: M-0053 | M54: none | R54: malcolm.corbin@example.com | S54: 15 | T54: yes
A55: Oscar Fenwick | B55: 46106 | C55: =IF(B55="","",EDATE(B55,12*(DATEDIF(B55,TODAY(),"y")+1))) | D55: =IF(AND(K55="",F55=""),"",IF(OR(AND(K55<>"",TODAY()-K55>=14),AND(F55<>"",TODAY()-F55>=21)),"Red",IF(OR(AND(K55<>"",TODAY()-K55>=7),AND(C55<>"",C55-TODAY()<=30)),"Yellow","Green"))) | E55: =IF(K55="","",TODAY()-K55) | F55: =IFERROR(1/(1/MAXIFS(Touchpoints!$A:$A,Touchpoints!$B:$B,A55)),"") | G55: =IF(F55="","",TODAY()-F55) | K55: 46302 | L55: M-0054 | M55: none | R55: oscar.fenwick@example.com | S55: 33 | T55: yes
A56: Adam Carmichael | B56: 46110 | C56: =IF(B56="","",EDATE(B56,12*(DATEDIF(B56,TODAY(),"y")+1))) | D56: =IF(AND(K56="",F56=""),"",IF(OR(AND(K56<>"",TODAY()-K56>=14),AND(F56<>"",TODAY()-F56>=21)),"Red",IF(OR(AND(K56<>"",TODAY()-K56>=7),AND(C56<>"",C56-TODAY()<=30)),"Yellow","Green"))) | E56: =IF(K56="","",TODAY()-K56) | F56: =IFERROR(1/(1/MAXIFS(Touchpoints!$A:$A,Touchpoints!$B:$B,A56)),"") | G56: =IF(F56="","",TODAY()-F56) | K56: 46310 | L56: M-0055 | M56: none | R56: adam.carmichael@example.com | S56: 19 | T56: yes
A57: Andrei Pruitt | B57: 45747 | C57: =IF(B57="","",EDATE(B57,12*(DATEDIF(B57,TODAY(),"y")+1))) | D57: =IF(AND(K57="",F57=""),"",IF(OR(AND(K57<>"",TODAY()-K57>=14),AND(F57<>"",TODAY()-F57>=21)),"Red",IF(OR(AND(K57<>"",TODAY()-K57>=7),AND(C57<>"",C57-TODAY()<=30)),"Yellow","Green"))) | E57: =IF(K57="","",TODAY()-K57) | F57: =IFERROR(1/(1/MAXIFS(Touchpoints!$A:$A,Touchpoints!$B:$B,A57)),"") | G57: =IF(F57="","",TODAY()-F57) | K57: 46250 | L57: M-0056 | M57: none | R57: andrei.pruitt@example.com | S57: 2 | T57: yes
A58: Cedric Montgomery | B58: 46113 | C58: =IF(B58="","",EDATE(B58,12*(DATEDIF(B58,TODAY(),"y")+1))) | D58: =IF(AND(K58="",F58=""),"",IF(OR(AND(K58<>"",TODAY()-K58>=14),AND(F58<>"",TODAY()-F58>=21)),"Red",IF(OR(AND(K58<>"",TODAY()-K58>=7),AND(C58<>"",C58-TODAY()<=30)),"Yellow","Green"))) | E58: =IF(K58="","",TODAY()-K58) | F58: =IFERROR(1/(1/MAXIFS(Touchpoints!$A:$A,Touchpoints!$B:$B,A58)),"") | G58: =IF(F58="","",TODAY()-F58) | K58: 46307 | L58: M-0057 | M58: none | R58: cedric.montgomery@example.com | S58: 0 | T58: no
A59: Jonah Thornbury | B59: 46120 | C59: =IF(B59="","",EDATE(B59,12*(DATEDIF(B59,TODAY(),"y")+1))) | D59: =IF(AND(K59="",F59=""),"",IF(OR(AND(K59<>"",TODAY()-K59>=14),AND(F59<>"",TODAY()-F59>=21)),"Red",IF(OR(AND(K59<>"",TODAY()-K59>=7),AND(C59<>"",C59-TODAY()<=30)),"Yellow","Green"))) | E59: =IF(K59="","",TODAY()-K59) | F59: =IFERROR(1/(1/MAXIFS(Touchpoints!$A:$A,Touchpoints!$B:$B,A59)),"") | G59: =IF(F59="","",TODAY()-F59) | K59: 46152 | L59: M-0058 | M59: none | R59: jonah.thornbury@example.com | S59: 26 | T59: yes
A60: Owen Yandell | B60: 46122 | C60: =IF(B60="","",EDATE(B60,12*(DATEDIF(B60,TODAY(),"y")+1))) | D60: =IF(AND(K60="",F60=""),"",IF(OR(AND(K60<>"",TODAY()-K60>=14),AND(F60<>"",TODAY()-F60>=21)),"Red",IF(OR(AND(K60<>"",TODAY()-K60>=7),AND(C60<>"",C60-TODAY()<=30)),"Yellow","Green"))) | E60: =IF(K60="","",TODAY()-K60) | F60: =IFERROR(1/(1/MAXIFS(Touchpoints!$A:$A,Touchpoints!$B:$B,A60)),"") | G60: =IF(F60="","",TODAY()-F60) | J60: Moderator | K60: 46292 | L60: M-0059 | M60: none | R60: owen.yandell@example.com | S60: 0 | T60: no
A61: Colin Zabriskie | B61: 46126 | C61: =IF(B61="","",EDATE(B61,12*(DATEDIF(B61,TODAY(),"y")+1))) | D61: =IF(AND(K61="",F61=""),"",IF(OR(AND(K61<>"",TODAY()-K61>=14),AND(F61<>"",TODAY()-F61>=21)),"Red",IF(OR(AND(K61<>"",TODAY()-K61>=7),AND(C61<>"",C61-TODAY()<=30)),"Yellow","Green"))) | E61: =IF(K61="","",TODAY()-K61) | F61: =IFERROR(1/(1/MAXIFS(Touchpoints!$A:$A,Touchpoints!$B:$B,A61)),"") | G61: =IF(F61="","",TODAY()-F61) | K61: 46311 | L61: M-0060 | M61: none | R61: colin.zabriskie@example.com | S61: 5 | T61: yes
A62: Raymond Elbridge | B62: 46127 | C62: =IF(B62="","",EDATE(B62,12*(DATEDIF(B62,TODAY(),"y")+1))) | D62: =IF(AND(K62="",F62=""),"",IF(OR(AND(K62<>"",TODAY()-K62>=14),AND(F62<>"",TODAY()-F62>=21)),"Red",IF(OR(AND(K62<>"",TODAY()-K62>=7),AND(C62<>"",C62-TODAY()<=30)),"Yellow","Green"))) | E62: =IF(K62="","",TODAY()-K62) | F62: =IFERROR(1/(1/MAXIFS(Touchpoints!$A:$A,Touchpoints!$B:$B,A62)),"") | G62: =IF(F62="","",TODAY()-F62) | K62: 46310 | L62: M-0061 | M62: none | R62: raymond.elbridge@example.com | S62: 1 | T62: yes
A63: Julian Northgate | B63: 46129 | C63: =IF(B63="","",EDATE(B63,12*(DATEDIF(B63,TODAY(),"y")+1))) | D63: =IF(AND(K63="",F63=""),"",IF(OR(AND(K63<>"",TODAY()-K63>=14),AND(F63<>"",TODAY()-F63>=21)),"Red",IF(OR(AND(K63<>"",TODAY()-K63>=7),AND(C63<>"",C63-TODAY()<=30)),"Yellow","Green"))) | E63: =IF(K63="","",TODAY()-K63) | F63: =IFERROR(1/(1/MAXIFS(Touchpoints!$A:$A,Touchpoints!$B:$B,A63)),"") | G63: =IF(F63="","",TODAY()-F63) | K63: 46310 | L63: M-0062 | M63: none | R63: julian.northgate@example.com | S63: 0 | T63: no
A64: Colin Thornbury | B64: 46130 | C64: =IF(B64="","",EDATE(B64,12*(DATEDIF(B64,TODAY(),"y")+1))) | D64: =IF(AND(K64="",F64=""),"",IF(OR(AND(K64<>"",TODAY()-K64>=14),AND(F64<>"",TODAY()-F64>=21)),"Red",IF(OR(AND(K64<>"",TODAY()-K64>=7),AND(C64<>"",C64-TODAY()<=30)),"Yellow","Green"))) | E64: =IF(K64="","",TODAY()-K64) | F64: =IFERROR(1/(1/MAXIFS(Touchpoints!$A:$A,Touchpoints!$B:$B,A64)),"") | G64: =IF(F64="","",TODAY()-F64) | K64: 46311 | L64: M-0063 | M64: none | R64: colin.thornbury@example.com | S64: 4 | T64: yes
A65: Inigo Corbin | B65: 45766 | C65: =IF(B65="","",EDATE(B65,12*(DATEDIF(B65,TODAY(),"y")+1))) | D65: =IF(AND(K65="",F65=""),"",IF(OR(AND(K65<>"",TODAY()-K65>=14),AND(F65<>"",TODAY()-F65>=21)),"Red",IF(OR(AND(K65<>"",TODAY()-K65>=7),AND(C65<>"",C65-TODAY()<=30)),"Yellow","Green"))) | E65: =IF(K65="","",TODAY()-K65) | F65: =IFERROR(1/(1/MAXIFS(Touchpoints!$A:$A,Touchpoints!$B:$B,A65)),"") | G65: =IF(F65="","",TODAY()-F65) | K65: 46310 | L65: M-0064 | M65: none | R65: inigo.corbin@example.com | S65: 31 | T65: yes
A66: Colin Winterbourne | B66: 46132 | C66: =IF(B66="","",EDATE(B66,12*(DATEDIF(B66,TODAY(),"y")+1))) | D66: =IF(AND(K66="",F66=""),"",IF(OR(AND(K66<>"",TODAY()-K66>=14),AND(F66<>"",TODAY()-F66>=21)),"Red",IF(OR(AND(K66<>"",TODAY()-K66>=7),AND(C66<>"",C66-TODAY()<=30)),"Yellow","Green"))) | E66: =IF(K66="","",TODAY()-K66) | F66: =IFERROR(1/(1/MAXIFS(Touchpoints!$A:$A,Touchpoints!$B:$B,A66)),"") | G66: =IF(F66="","",TODAY()-F66) | H66: post on LinkedIn twice a week | K66: 46249 | L66: M-0065 | M66: none | R66: colin.winterbourne@example.com | S66: 26 | T66: yes
A67: Kendrick Kessler | B67: 46138 | C67: =IF(B67="","",EDATE(B67,12*(DATEDIF(B67,TODAY(),"y")+1))) | D67: =IF(AND(K67="",F67=""),"",IF(OR(AND(K67<>"",TODAY()-K67>=14),AND(F67<>"",TODAY()-F67>=21)),"Red",IF(OR(AND(K67<>"",TODAY()-K67>=7),AND(C67<>"",C67-TODAY()<=30)),"Yellow","Green"))) | E67: =IF(K67="","",TODAY()-K67) | F67: =IFERROR(1/(1/MAXIFS(Touchpoints!$A:$A,Touchpoints!$B:$B,A67)),"") | G67: =IF(F67="","",TODAY()-F67) | K67: 46311 | L67: M-0066 | M67: none | R67: kendrick.kessler@example.com | S67: 37 | T67: yes
A68: Peter Thornbury | B68: 45774 | C68: =IF(B68="","",EDATE(B68,12*(DATEDIF(B68,TODAY(),"y")+1))) | D68: =IF(AND(K68="",F68=""),"",IF(OR(AND(K68<>"",TODAY()-K68>=14),AND(F68<>"",TODAY()-F68>=21)),"Red",IF(OR(AND(K68<>"",TODAY()-K68>=7),AND(C68<>"",C68-TODAY()<=30)),"Yellow","Green"))) | E68: =IF(K68="","",TODAY()-K68) | F68: =IFERROR(1/(1/MAXIFS(Touchpoints!$A:$A,Touchpoints!$B:$B,A68)),"") | G68: =IF(F68="","",TODAY()-F68) | K68: 46303 | L68: M-0067 | M68: none | R68: peter.thornbury@example.com | S68: 13 | T68: yes
A69: Emmett Wycliffe | B69: 46142 | C69: =IF(B69="","",EDATE(B69,12*(DATEDIF(B69,TODAY(),"y")+1))) | D69: =IF(AND(K69="",F69=""),"",IF(OR(AND(K69<>"",TODAY()-K69>=14),AND(F69<>"",TODAY()-F69>=21)),"Red",IF(OR(AND(K69<>"",TODAY()-K69>=7),AND(C69<>"",C69-TODAY()<=30)),"Yellow","Green"))) | E69: =IF(K69="","",TODAY()-K69) | F69: =IFERROR(1/(1/MAXIFS(Touchpoints!$A:$A,Touchpoints!$B:$B,A69)),"") | G69: =IF(F69="","",TODAY()-F69) | K69: 46268 | L69: M-0068 | M69: none | R69: emmett.wycliffe@example.com | S69: 18 | T69: yes
A70: Hugo Ridgeway | B70: 46145 | C70: =IF(B70="","",EDATE(B70,12*(DATEDIF(B70,TODAY(),"y")+1))) | D70: =IF(AND(K70="",F70=""),"",IF(OR(AND(K70<>"",TODAY()-K70>=14),AND(F70<>"",TODAY()-F70>=21)),"Red",IF(OR(AND(K70<>"",TODAY()-K70>=7),AND(C70<>"",C70-TODAY()<=30)),"Yellow","Green"))) | E70: =IF(K70="","",TODAY()-K70) | F70: =IFERROR(1/(1/MAXIFS(Touchpoints!$A:$A,Touchpoints!$B:$B,A70)),"") | G70: =IF(F70="","",TODAY()-F70) | K70: 46311 | L70: M-0069 | M70: none | R70: hugo.ridgeway@example.com | S70: 20 | T70: yes
A71: Levi Quimby | B71: 46145 | C71: =IF(B71="","",EDATE(B71,12*(DATEDIF(B71,TODAY(),"y")+1))) | D71: =IF(AND(K71="",F71=""),"",IF(OR(AND(K71<>"",TODAY()-K71>=14),AND(F71<>"",TODAY()-F71>=21)),"Red",IF(OR(AND(K71<>"",TODAY()-K71>=7),AND(C71<>"",C71-TODAY()<=30)),"Yellow","Green"))) | E71: =IF(K71="","",TODAY()-K71) | F71: =IFERROR(1/(1/MAXIFS(Touchpoints!$A:$A,Touchpoints!$B:$B,A71)),"") | G71: =IF(F71="","",TODAY()-F71) | K71: 46311 | L71: M-0070 | M71: none | R71: levi.quimby@example.com | S71: 27 | T71: yes
A72: Hamish Oakeshott | B72: 45781 | C72: =IF(B72="","",EDATE(B72,12*(DATEDIF(B72,TODAY(),"y")+1))) | D72: =IF(AND(K72="",F72=""),"",IF(OR(AND(K72<>"",TODAY()-K72>=14),AND(F72<>"",TODAY()-F72>=21)),"Red",IF(OR(AND(K72<>"",TODAY()-K72>=7),AND(C72<>"",C72-TODAY()<=30)),"Yellow","Green"))) | E72: =IF(K72="","",TODAY()-K72) | F72: =IFERROR(1/(1/MAXIFS(Touchpoints!$A:$A,Touchpoints!$B:$B,A72)),"") | G72: =IF(F72="","",TODAY()-F72) | K72: 46139 | L72: M-0071 | M72: none | R72: hamish.oakeshott@example.com | S72: 8 | T72: yes
A73: Quentin Lindqvist | B73: 46150 | C73: =IF(B73="","",EDATE(B73,12*(DATEDIF(B73,TODAY(),"y")+1))) | D73: =IF(AND(K73="",F73=""),"",IF(OR(AND(K73<>"",TODAY()-K73>=14),AND(F73<>"",TODAY()-F73>=21)),"Red",IF(OR(AND(K73<>"",TODAY()-K73>=7),AND(C73<>"",C73-TODAY()<=30)),"Yellow","Green"))) | E73: =IF(K73="","",TODAY()-K73) | F73: =IFERROR(1/(1/MAXIFS(Touchpoints!$A:$A,Touchpoints!$B:$B,A73)),"") | G73: =IF(F73="","",TODAY()-F73) | K73: 46311 | L73: M-0072 | M73: none | R73: quentin.lindqvist@example.com | S73: 0 | T73: no
A74: Wallace Pemberton | B74: 46151 | C74: =IF(B74="","",EDATE(B74,12*(DATEDIF(B74,TODAY(),"y")+1))) | D74: =IF(AND(K74="",F74=""),"",IF(OR(AND(K74<>"",TODAY()-K74>=14),AND(F74<>"",TODAY()-F74>=21)),"Red",IF(OR(AND(K74<>"",TODAY()-K74>=7),AND(C74<>"",C74-TODAY()<=30)),"Yellow","Green"))) | E74: =IF(K74="","",TODAY()-K74) | F74: =IFERROR(1/(1/MAXIFS(Touchpoints!$A:$A,Touchpoints!$B:$B,A74)),"") | G74: =IF(F74="","",TODAY()-F74) | H74: run my first half marathon | K74: 46282 | L74: M-0073 | M74: none | R74: wallace.pemberton@example.com | S74: 1 | T74: yes
A75: Xavier Garrick | B75: 46151 | C75: =IF(B75="","",EDATE(B75,12*(DATEDIF(B75,TODAY(),"y")+1))) | D75: =IF(AND(K75="",F75=""),"",IF(OR(AND(K75<>"",TODAY()-K75>=14),AND(F75<>"",TODAY()-F75>=21)),"Red",IF(OR(AND(K75<>"",TODAY()-K75>=7),AND(C75<>"",C75-TODAY()<=30)),"Yellow","Green"))) | E75: =IF(K75="","",TODAY()-K75) | F75: =IFERROR(1/(1/MAXIFS(Touchpoints!$A:$A,Touchpoints!$B:$B,A75)),"") | G75: =IF(F75="","",TODAY()-F75) | K75: 46307 | L75: M-0074 | M75: none | R75: xavier.garrick@example.com | S75: 0 | T75: no
A76: Marco Mowbray | B76: 46152 | C76: =IF(B76="","",EDATE(B76,12*(DATEDIF(B76,TODAY(),"y")+1))) | D76: =IF(AND(K76="",F76=""),"",IF(OR(AND(K76<>"",TODAY()-K76>=14),AND(F76<>"",TODAY()-F76>=21)),"Red",IF(OR(AND(K76<>"",TODAY()-K76>=7),AND(C76<>"",C76-TODAY()<=30)),"Yellow","Green"))) | E76: =IF(K76="","",TODAY()-K76) | F76: =IFERROR(1/(1/MAXIFS(Touchpoints!$A:$A,Touchpoints!$B:$B,A76)),"") | G76: =IF(F76="","",TODAY()-F76) | K76: 46311 | L76: M-0075 | M76: none | R76: marco.mowbray@example.com | S76: 12 | T76: yes
A77: Terrence Islington | B77: 46152 | C77: =IF(B77="","",EDATE(B77,12*(DATEDIF(B77,TODAY(),"y")+1))) | D77: =IF(AND(K77="",F77=""),"",IF(OR(AND(K77<>"",TODAY()-K77>=14),AND(F77<>"",TODAY()-F77>=21)),"Red",IF(OR(AND(K77<>"",TODAY()-K77>=7),AND(C77<>"",C77-TODAY()<=30)),"Yellow","Green"))) | E77: =IF(K77="","",TODAY()-K77) | F77: =IFERROR(1/(1/MAXIFS(Touchpoints!$A:$A,Touchpoints!$B:$B,A77)),"") | G77: =IF(F77="","",TODAY()-F77) | K77: 46311 | L77: M-0076 | M77: none | R77: terrence.islington@example.com | S77: 13 | T77: yes
A78: Peter Fairview | B78: 46155 | C78: =IF(B78="","",EDATE(B78,12*(DATEDIF(B78,TODAY(),"y")+1))) | D78: =IF(AND(K78="",F78=""),"",IF(OR(AND(K78<>"",TODAY()-K78>=14),AND(F78<>"",TODAY()-F78>=21)),"Red",IF(OR(AND(K78<>"",TODAY()-K78>=7),AND(C78<>"",C78-TODAY()<=30)),"Yellow","Green"))) | E78: =IF(K78="","",TODAY()-K78) | F78: =IFERROR(1/(1/MAXIFS(Touchpoints!$A:$A,Touchpoints!$B:$B,A78)),"") | G78: =IF(F78="","",TODAY()-F78) | K78: 46311 | L78: M-0077 | M78: none | R78: peter.fairview@example.com | S78: 13 | T78: yes
A79: Enzo Pomeroy | B79: 46155 | C79: =IF(B79="","",EDATE(B79,12*(DATEDIF(B79,TODAY(),"y")+1))) | D79: =IF(AND(K79="",F79=""),"",IF(OR(AND(K79<>"",TODAY()-K79>=14),AND(F79<>"",TODAY()-F79>=21)),"Red",IF(OR(AND(K79<>"",TODAY()-K79>=7),AND(C79<>"",C79-TODAY()<=30)),"Yellow","Green"))) | E79: =IF(K79="","",TODAY()-K79) | F79: =IFERROR(1/(1/MAXIFS(Touchpoints!$A:$A,Touchpoints!$B:$B,A79)),"") | G79: =IF(F79="","",TODAY()-F79) | H79: get my side project to 100 users | K79: 46278 | L79: M-0078 | M79: none | R79: enzo.pomeroy@example.com | S79: 9 | T79: yes
A80: Callum Norwood | B80: 46156 | C80: =IF(B80="","",EDATE(B80,12*(DATEDIF(B80,TODAY(),"y")+1))) | D80: =IF(AND(K80="",F80=""),"",IF(OR(AND(K80<>"",TODAY()-K80>=14),AND(F80<>"",TODAY()-F80>=21)),"Red",IF(OR(AND(K80<>"",TODAY()-K80>=7),AND(C80<>"",C80-TODAY()<=30)),"Yellow","Green"))) | E80: =IF(K80="","",TODAY()-K80) | F80: =IFERROR(1/(1/MAXIFS(Touchpoints!$A:$A,Touchpoints!$B:$B,A80)),"") | G80: =IF(F80="","",TODAY()-F80) | K80: 46311 | L80: M-0079 | M80: none | R80: callum.norwood@example.com | S80: 25 | T80: yes
A81: Tomas Kirkland | B81: 46158 | C81: =IF(B81="","",EDATE(B81,12*(DATEDIF(B81,TODAY(),"y")+1))) | D81: =IF(AND(K81="",F81=""),"",IF(OR(AND(K81<>"",TODAY()-K81>=14),AND(F81<>"",TODAY()-F81>=21)),"Red",IF(OR(AND(K81<>"",TODAY()-K81>=7),AND(C81<>"",C81-TODAY()<=30)),"Yellow","Green"))) | E81: =IF(K81="","",TODAY()-K81) | F81: =IFERROR(1/(1/MAXIFS(Touchpoints!$A:$A,Touchpoints!$B:$B,A81)),"") | G81: =IF(F81="","",TODAY()-F81) | K81: 46311 | L81: M-0080 | M81: none | R81: tomas.kirkland@example.com | S81: 0 | T81: no
A82: Terrence Quimby | B82: 46158 | C82: =IF(B82="","",EDATE(B82,12*(DATEDIF(B82,TODAY(),"y")+1))) | D82: =IF(AND(K82="",F82=""),"",IF(OR(AND(K82<>"",TODAY()-K82>=14),AND(F82<>"",TODAY()-F82>=21)),"Red",IF(OR(AND(K82<>"",TODAY()-K82>=7),AND(C82<>"",C82-TODAY()<=30)),"Yellow","Green"))) | E82: =IF(K82="","",TODAY()-K82) | F82: =IFERROR(1/(1/MAXIFS(Touchpoints!$A:$A,Touchpoints!$B:$B,A82)),"") | G82: =IF(F82="","",TODAY()-F82) | K82: 46296 | L82: M-0081 | M82: none | R82: terrence.quimby@example.com | S82: 14 | T82: yes
A83: Fraser Islington | B83: 46160 | C83: =IF(B83="","",EDATE(B83,12*(DATEDIF(B83,TODAY(),"y")+1))) | D83: =IF(AND(K83="",F83=""),"",IF(OR(AND(K83<>"",TODAY()-K83>=14),AND(F83<>"",TODAY()-F83>=21)),"Red",IF(OR(AND(K83<>"",TODAY()-K83>=7),AND(C83<>"",C83-TODAY()<=30)),"Yellow","Green"))) | E83: =IF(K83="","",TODAY()-K83) | F83: =IFERROR(1/(1/MAXIFS(Touchpoints!$A:$A,Touchpoints!$B:$B,A83)),"") | G83: =IF(F83="","",TODAY()-F83) | K83: 46311 | L83: M-0082 | M83: none | R83: fraser.islington@example.com | S83: 0 | T83: no
A84: Julian Quimby | B84: 46160 | C84: =IF(B84="","",EDATE(B84,12*(DATEDIF(B84,TODAY(),"y")+1))) | D84: =IF(AND(K84="",F84=""),"",IF(OR(AND(K84<>"",TODAY()-K84>=14),AND(F84<>"",TODAY()-F84>=21)),"Red",IF(OR(AND(K84<>"",TODAY()-K84>=7),AND(C84<>"",C84-TODAY()<=30)),"Yellow","Green"))) | E84: =IF(K84="","",TODAY()-K84) | F84: =IFERROR(1/(1/MAXIFS(Touchpoints!$A:$A,Touchpoints!$B:$B,A84)),"") | G84: =IF(F84="","",TODAY()-F84) | K84: 46310 | L84: M-0083 | M84: none | R84: julian.quimby@example.com | S84: 38 | T84: yes
A85: Mateo Fairbanks | B85: 46160 | C85: =IF(B85="","",EDATE(B85,12*(DATEDIF(B85,TODAY(),"y")+1))) | D85: =IF(AND(K85="",F85=""),"",IF(OR(AND(K85<>"",TODAY()-K85>=14),AND(F85<>"",TODAY()-F85>=21)),"Red",IF(OR(AND(K85<>"",TODAY()-K85>=7),AND(C85<>"",C85-TODAY()<=30)),"Yellow","Green"))) | E85: =IF(K85="","",TODAY()-K85) | F85: =IFERROR(1/(1/MAXIFS(Touchpoints!$A:$A,Touchpoints!$B:$B,A85)),"") | G85: =IF(F85="","",TODAY()-F85) | H85: build a morning routine and keep it for 90 days | K85: 46230 | L85: M-0084 | M85: none | R85: mateo.fairbanks@example.com | S85: 2 | T85: yes
A86: Fraser Sanderson | B86: 46161 | C86: =IF(B86="","",EDATE(B86,12*(DATEDIF(B86,TODAY(),"y")+1))) | D86: =IF(AND(K86="",F86=""),"",IF(OR(AND(K86<>"",TODAY()-K86>=14),AND(F86<>"",TODAY()-F86>=21)),"Red",IF(OR(AND(K86<>"",TODAY()-K86>=7),AND(C86<>"",C86-TODAY()<=30)),"Yellow","Green"))) | E86: =IF(K86="","",TODAY()-K86) | F86: =IFERROR(1/(1/MAXIFS(Touchpoints!$A:$A,Touchpoints!$B:$B,A86)),"") | G86: =IF(F86="","",TODAY()-F86) | K86: 46311 | L86: M-0085 | M86: none | R86: fraser.sanderson@example.com | S86: 0 | T86: no
A87: Fraser Ironside | B87: 46171 | C87: =IF(B87="","",EDATE(B87,12*(DATEDIF(B87,TODAY(),"y")+1))) | D87: =IF(AND(K87="",F87=""),"",IF(OR(AND(K87<>"",TODAY()-K87>=14),AND(F87<>"",TODAY()-F87>=21)),"Red",IF(OR(AND(K87<>"",TODAY()-K87>=7),AND(C87<>"",C87-TODAY()<=30)),"Yellow","Green"))) | E87: =IF(K87="","",TODAY()-K87) | F87: =IFERROR(1/(1/MAXIFS(Touchpoints!$A:$A,Touchpoints!$B:$B,A87)),"") | G87: =IF(F87="","",TODAY()-F87) | K87: 46289 | L87: M-0086 | M87: none | R87: fraser.ironside@example.com | S87: 39 | T87: yes
A88: Wallace Clayborne | B88: 45808 | C88: =IF(B88="","",EDATE(B88,12*(DATEDIF(B88,TODAY(),"y")+1))) | D88: =IF(AND(K88="",F88=""),"",IF(OR(AND(K88<>"",TODAY()-K88>=14),AND(F88<>"",TODAY()-F88>=21)),"Red",IF(OR(AND(K88<>"",TODAY()-K88>=7),AND(C88<>"",C88-TODAY()<=30)),"Yellow","Green"))) | E88: =IF(K88="","",TODAY()-K88) | F88: =IFERROR(1/(1/MAXIFS(Touchpoints!$A:$A,Touchpoints!$B:$B,A88)),"") | G88: =IF(F88="","",TODAY()-F88) | K88: 46311 | L88: M-0087 | M88: none | R88: wallace.clayborne@example.com | S88: 37 | T88: yes
A89: Andre Zeigler | B89: 45808 | C89: =IF(B89="","",EDATE(B89,12*(DATEDIF(B89,TODAY(),"y")+1))) | D89: =IF(AND(K89="",F89=""),"",IF(OR(AND(K89<>"",TODAY()-K89>=14),AND(F89<>"",TODAY()-F89>=21)),"Red",IF(OR(AND(K89<>"",TODAY()-K89>=7),AND(C89<>"",C89-TODAY()<=30)),"Yellow","Green"))) | E89: =IF(K89="","",TODAY()-K89) | F89: =IFERROR(1/(1/MAXIFS(Touchpoints!$A:$A,Touchpoints!$B:$B,A89)),"") | G89: =IF(F89="","",TODAY()-F89) | K89: 46304 | L89: M-0088 | M89: none | R89: andre.zeigler@example.com | S89: 7 | T89: yes
A90: Duncan Ironside | B90: 46174 | C90: =IF(B90="","",EDATE(B90,12*(DATEDIF(B90,TODAY(),"y")+1))) | D90: =IF(AND(K90="",F90=""),"",IF(OR(AND(K90<>"",TODAY()-K90>=14),AND(F90<>"",TODAY()-F90>=21)),"Red",IF(OR(AND(K90<>"",TODAY()-K90>=7),AND(C90<>"",C90-TODAY()<=30)),"Yellow","Green"))) | E90: =IF(K90="","",TODAY()-K90) | F90: =IFERROR(1/(1/MAXIFS(Touchpoints!$A:$A,Touchpoints!$B:$B,A90)),"") | G90: =IF(F90="","",TODAY()-F90) | K90: 46299 | L90: M-0089 | M90: none | R90: duncan.ironside@example.com | S90: 0 | T90: no
A91: Julian Waverly | B91: 46175 | C91: =IF(B91="","",EDATE(B91,12*(DATEDIF(B91,TODAY(),"y")+1))) | D91: =IF(AND(K91="",F91=""),"",IF(OR(AND(K91<>"",TODAY()-K91>=14),AND(F91<>"",TODAY()-F91>=21)),"Red",IF(OR(AND(K91<>"",TODAY()-K91>=7),AND(C91<>"",C91-TODAY()<=30)),"Yellow","Green"))) | E91: =IF(K91="","",TODAY()-K91) | F91: =IFERROR(1/(1/MAXIFS(Touchpoints!$A:$A,Touchpoints!$B:$B,A91)),"") | G91: =IF(F91="","",TODAY()-F91) | K91: 46311 | L91: M-0090 | M91: none | R91: julian.waverly@example.com | S91: 0 | T91: no
A92: Silas Hawthorne | B92: 46178 | C92: =IF(B92="","",EDATE(B92,12*(DATEDIF(B92,TODAY(),"y")+1))) | D92: =IF(AND(K92="",F92=""),"",IF(OR(AND(K92<>"",TODAY()-K92>=14),AND(F92<>"",TODAY()-F92>=21)),"Red",IF(OR(AND(K92<>"",TODAY()-K92>=7),AND(C92<>"",C92-TODAY()<=30)),"Yellow","Green"))) | E92: =IF(K92="","",TODAY()-K92) | F92: =IFERROR(1/(1/MAXIFS(Touchpoints!$A:$A,Touchpoints!$B:$B,A92)),"") | G92: =IF(F92="","",TODAY()-F92) | K92: 46302 | L92: M-0091 | M92: none | R92: silas.hawthorne@example.com | S92: 1 | T92: yes
A93: Nathan Pemberton | B93: 46179 | C93: =IF(B93="","",EDATE(B93,12*(DATEDIF(B93,TODAY(),"y")+1))) | D93: =IF(AND(K93="",F93=""),"",IF(OR(AND(K93<>"",TODAY()-K93>=14),AND(F93<>"",TODAY()-F93>=21)),"Red",IF(OR(AND(K93<>"",TODAY()-K93>=7),AND(C93<>"",C93-TODAY()<=30)),"Yellow","Green"))) | E93: =IF(K93="","",TODAY()-K93) | F93: =IFERROR(1/(1/MAXIFS(Touchpoints!$A:$A,Touchpoints!$B:$B,A93)),"") | G93: =IF(F93="","",TODAY()-F93) | K93: 46282 | L93: M-0092 | M93: none | R93: nathan.pemberton@example.com | S93: 22 | T93: yes
A94: Paolo Sanderson | B94: 45816 | C94: =IF(B94="","",EDATE(B94,12*(DATEDIF(B94,TODAY(),"y")+1))) | D94: =IF(AND(K94="",F94=""),"",IF(OR(AND(K94<>"",TODAY()-K94>=14),AND(F94<>"",TODAY()-F94>=21)),"Red",IF(OR(AND(K94<>"",TODAY()-K94>=7),AND(C94<>"",C94-TODAY()<=30)),"Yellow","Green"))) | E94: =IF(K94="","",TODAY()-K94) | F94: =IFERROR(1/(1/MAXIFS(Touchpoints!$A:$A,Touchpoints!$B:$B,A94)),"") | G94: =IF(F94="","",TODAY()-F94) | K94: 46310 | L94: M-0093 | M94: none | R94: paolo.sanderson@example.com | S94: 19 | T94: yes
A95: Emmett Sinclair | B95: 46184 | C95: =IF(B95="","",EDATE(B95,12*(DATEDIF(B95,TODAY(),"y")+1))) | D95: =IF(AND(K95="",F95=""),"",IF(OR(AND(K95<>"",TODAY()-K95>=14),AND(F95<>"",TODAY()-F95>=21)),"Red",IF(OR(AND(K95<>"",TODAY()-K95>=7),AND(C95<>"",C95-TODAY()<=30)),"Yellow","Green"))) | E95: =IF(K95="","",TODAY()-K95) | F95: =IFERROR(1/(1/MAXIFS(Touchpoints!$A:$A,Touchpoints!$B:$B,A95)),"") | G95: =IF(F95="","",TODAY()-F95) | K95: 46233 | L95: M-0094 | M95: none | R95: emmett.sinclair@example.com | S95: 5 | T95: yes
A96: Clifford Cranfield | B96: 46185 | C96: =IF(B96="","",EDATE(B96,12*(DATEDIF(B96,TODAY(),"y")+1))) | D96: =IF(AND(K96="",F96=""),"",IF(OR(AND(K96<>"",TODAY()-K96>=14),AND(F96<>"",TODAY()-F96>=21)),"Red",IF(OR(AND(K96<>"",TODAY()-K96>=7),AND(C96<>"",C96-TODAY()<=30)),"Yellow","Green"))) | E96: =IF(K96="","",TODAY()-K96) | F96: =IFERROR(1/(1/MAXIFS(Touchpoints!$A:$A,Touchpoints!$B:$B,A96)),"") | G96: =IF(F96="","",TODAY()-F96) | K96: 46311 | L96: M-0095 | M96: none | R96: clifford.cranfield@example.com | S96: 0 | T96: no
A97: Marcus Radcliffe | B97: 46188 | C97: =IF(B97="","",EDATE(B97,12*(DATEDIF(B97,TODAY(),"y")+1))) | D97: =IF(AND(K97="",F97=""),"",IF(OR(AND(K97<>"",TODAY()-K97>=14),AND(F97<>"",TODAY()-F97>=21)),"Red",IF(OR(AND(K97<>"",TODAY()-K97>=7),AND(C97<>"",C97-TODAY()<=30)),"Yellow","Green"))) | E97: =IF(K97="","",TODAY()-K97) | F97: =IFERROR(1/(1/MAXIFS(Touchpoints!$A:$A,Touchpoints!$B:$B,A97)),"") | G97: =IF(F97="","",TODAY()-F97) | K97: 46205 | L97: M-0096 | M97: none | R97: marcus.radcliffe@example.com | S97: 16 | T97: yes
... A137: Wallace Pruitt | B137: 45883 | C137: =IF(B137="","",EDATE(B137,12*(DATEDIF(B137,TODAY(),"y")+1))) | D137: =IF(AND(K137="",F137=""),"",IF(OR(AND(K137<>"",TODAY()-K137>=14),AND(F137<>"",TODAY()-F137>=21)),"Red",IF(OR(AND(K137<>"",TODAY()-K137>=7),AND(C137<>"",C137-TODAY()<=30)),"Yellow","Green"))) | E137: =IF(K137="","",TODAY()-K137) | F137: =IFERROR(1/(1/MAXIFS(Touchpoints!$A:$A,Touchpoints!$B:$B,A137)),"") | G137: =IF(F137="","",TODAY()-F137) | K137: 46308 | L137: M-0136 | M137: none | R137: wallace.pruitt@example.com | S137: 3 | T137: yes
A138: Andrei Upshaw | B138: 46250 | C138: =IF(B138="","",EDATE(B138,12*(DATEDIF(B138,TODAY(),"y")+1))) | D138: =IF(AND(K138="",F138=""),"",IF(OR(AND(K138<>"",TODAY()-K138>=14),AND(F138<>"",TODAY()-F138>=21)),"Red",IF(OR(AND(K138<>"",TODAY()-K138>=7),AND(C138<>"",C138-TODAY()<=30)),"Yellow","Green"))) | E138: =IF(K138="","",TODAY()-K138) | F138: =IFERROR(1/(1/MAXIFS(Touchpoints!$A:$A,Touchpoints!$B:$B,A138)),"") | G138: =IF(F138="","",TODAY()-F138) | H138: lose the fear of public speaking | K138: 46135 | L138: M-0137 | M138: none | R138: andrei.upshaw@example.com | S138: 0 | T138: no
A139: Gavin Ellsworth | B139: 46251 | C139: =IF(B139="","",EDATE(B139,12*(DATEDIF(B139,TODAY(),"y")+1))) | D139: =IF(AND(K139="",F139=""),"",IF(OR(AND(K139<>"",TODAY()-K139>=14),AND(F139<>"",TODAY()-F139>=21)),"Red",IF(OR(AND(K139<>"",TODAY()-K139>=7),AND(C139<>"",C139-TODAY()<=30)),"Yellow","Green"))) | E139: =IF(K139="","",TODAY()-K139) | F139: =IFERROR(1/(1/MAXIFS(Touchpoints!$A:$A,Touchpoints!$B:$B,A139)),"") | G139: =IF(F139="","",TODAY()-F139) | K139: 46309 | L139: M-0138 | M139: none | R139: gavin.ellsworth@example.com | S139: 31 | T139: yes
...

Sheet Touchpoints
A1: Date | B1: Member | C1: Type | D1: What was said | E1: Commitment he made | F1: Follow-up date | G1: member_id | H1: channel | I1: direction | J1: draft_id | K1: replied | L1: reply_date

Sheet Weekly pulse
A1: Week of | B1: Member | C1: Active in Skool | D1: Attended call | E1: Did last week's commitment | F1: This week's commitment

Sheet How to use
A1: How this tracker works
A2: 1. Members: one row per member (admins and owner excluded). Names are anonymized placeholders for the demo.
A3: 2. Join date comes from Skool. Renewal date is the next anniversary of the join date and rolls forward each year.
A4: 3. Status turns Red if not active in Skool 14+ days or no contact from you in 21+ days; Yellow if inactive 7 to 13 days or renewal within 30 days; Green otherwise.
A5: 4. Touchpoints: log every DM, call or check-in (pick the member from the dropdown). 'Last contact' on Members fills itself from here.
A6: 5. Weekly pulse: one row per member each Monday.
A7: Northstar Coaching Circle is a fictional demo community. Member names are placeholders; goals are made up.
A9: Re-engagement loop (added for the hackathon test)
A10: channel: 'none' = draft and review only, never sent. During setup, Fo fills in the tester row(s) with a real name and email and sets channel to 'email'; only those rows can receive a real message.
A11: member_id: the loop's ID for each member. IDs ending in 0 or 5 are the hold-back group and are never contacted.
A12: Touchpoints: the loop adds member_id, channel, direction (out/in), draft_id and replies; 'Last contact' still fills from here.
A13: Status history, Drafts, Conversions, Checks, Scorecard and Run log are written by Fo and Claude. Don't edit them by hand.
A14: email, posts, intro_posted: from the member export. Emails here are fictional (example.com). posts = 0 and intro_posted = no means the member never got started.

Sheet Status history
A1: date | B1: member_id | C1: stage

Sheet Drafts
A1: draft_id | B1: date | C1: member_id | D1: name | E1: rule | F1: reason | G1: status | H1: final_text | I1: approved_at | J1: sent_at

Sheet Conversions
A1: date | B1: member_id | C1: type | D1: value

Sheet Checks
A1: date | B1: draft_id | C1: member_id | D1: flag | E1: reason

Sheet Scorecard
A1: date | B1: review_minutes | C1: baseline_minutes | D1: drafts | E1: approved | F1: sent | G1: contacted_moved_up | H1: contacted_total | I1: holdout_moved_up | J1: holdout_total | K1: revenue_attributed | L1: revenue_target | M1: note

Sheet Run log
A1: timestamp | B1: step | C1: agent | D1: status | E1: drafts | F1: checked | G1: sent | H1: note
